modality,token_rmse
color,0.3462587296962738
sound,0.2187396138906479
vision,0.15422476828098297
