modality,token_rmse
color,0.3431801497936249
sound,0.21788977086544037
vision,0.1562757045030594
