modality,color,sound,vision
color,0.9999998807907104,0.9906477332115173,0.9777169823646545
sound,0.9906477332115173,0.9999999403953552,0.9793447852134705
vision,0.9777169823646545,0.9793447852134705,1.0
