modality,color,sound,vision
color,0.9999999403953552,0.9892701506614685,0.977205216884613
sound,0.9892701506614685,1.0,0.9790604114532471
vision,0.977205216884613,0.9790604114532471,1.0000001192092896
