modality,token_rmse
color,0.5842258334159851
sound,0.3842063844203949
vision,0.2960008680820465
