modality,color,sound,vision
color,0.9999999403953552,0.9835789203643799,0.9652893543243408
sound,0.9835789203643799,1.0000001192092896,0.9761875867843628
vision,0.9652893543243408,0.9761875867843628,1.0
