variant,accuracy,cross_entropy,brier_score,mean_confidence,predictive_entropy,expected_calibration_error,mean_reconstruction_rmse,mean_local_rbm_free_energy,mean_global_rbm_free_energy,local_rbm_reconstruction_rmse,global_rbm_reconstruction_rmse,active_clusters
complete,1.0,0.10756012052297592,0.007693587336689234,0.9021862149238586,0.3060932457447052,0.09781390428543091,0.23911520838737488,-3.4527788162231445,-9.87341022491455,0.40606963634490967,0.02663620002567768,24.0
observation_removed,1.0,0.12861822545528412,0.011618174612522125,0.887772798538208,0.32866165041923523,0.1122271716594696,0.1828132967154185,-3.7755212783813477,-9.87279987335205,0.33344459533691406,0.027486048638820648,24.0
elastic_dubler_removed,1.0,0.10751008987426758,0.0076869577169418335,0.9022257924079895,0.3060084283351898,0.09777412563562393,0.23911465207735697,-3.4527788162231445,-9.87341022491455,0.40606963634490967,0.02663620002567768,24.0
modality_axes_removed,0.75,0.433696985244751,0.06292952597141266,0.7456116676330566,0.619604766368866,0.05729624629020691,0.23619317015012106,-3.4527788162231445,-9.87341022491455,0.40606963634490967,0.02663620002567768,24.0
rbm_regulator_removed,1.0,0.13797391951084137,0.014189404435455799,0.8799826502799988,0.3144904673099518,0.120017409324646,0.2419003297885259,-3.4527788162231445,-9.87341022491455,0.40606963634490967,0.02663620002567768,24.0
cluster_context_removed,1.0,0.19127978384494781,0.01834302954375744,0.8411692976951599,0.4606330096721649,0.15883080661296844,0.24611384669939676,-3.4527788162231445,-9.87341022491455,0.40606963634490967,0.02663620002567768,24.0
signed_spectrum_removed,1.0,0.10756439715623856,0.0076942746527493,0.9021828174591064,0.30609795451164246,0.09781714528799057,0.2391132414340973,-3.4527788162231445,-9.87341022491455,0.40606963634490967,0.02663620002567768,24.0
observation_and_dubler_removed,1.0,0.12859196960926056,0.011613418348133564,0.8877905011177063,0.32863786816596985,0.11220937967300415,0.18281060953934988,-3.7755212783813477,-9.87279987335205,0.33344459533691406,0.027486048638820648,24.0
