variant,accuracy,cross_entropy,brier_score,mean_confidence,predictive_entropy,expected_calibration_error,mean_reconstruction_rmse
complete,1.0,0.30844536423683167,0.048181500285863876,0.7629678845405579,0.4489234387874603,0.23703205585479736,0.42147769530614215
observation_removed,0.75,0.39603981375694275,0.05604225769639015,0.7070081830024719,0.6761006712913513,0.08724707365036011,0.25530633330345154
elastic_dubler_removed,1.0,0.30738016963005066,0.04802824184298515,0.7637137770652771,0.44668495655059814,0.2362862229347229,0.4220609863599141
observation_and_dubler_removed,0.75,0.3946312963962555,0.05586598441004753,0.7073039412498474,0.6736195087432861,0.0867440402507782,0.2555578500032425
