{
  "arm_modes": [
    {
      "angular_momentum_drift": -0.26659778085049446,
      "angular_momentum_final": 941.448579730077,
      "angular_momentum_initial": 1283.6729357348195,
      "arm_asymmetry_index": 0.6546489733733776,
      "arm_mode": "2",
      "central_mass_count": 1.0,
      "cluster_count": 12.0,
      "density_arm_contrast": 4.232136023310524,
      "dominant_mode": 1.0,
      "dominant_mode_amplitude": 0.6181652137358088,
      "elastic_tension_max": 1.0,
      "elastic_tension_mean": 0.15020354260514068,
      "energy_proxy": 2510.806300202067,
      "final_mean_radius": 0.5350908755352667,
      "gas_cloud_count": 36.0,
      "initial_mean_radius": 0.7623179180207009,
      "mode_1_amplitude": 0.6181652137358088,
      "mode_2_amplitude": 0.5665495901627262,
      "mode_3_amplitude": 0.6143247516137187,
      "mode_4_amplitude": 0.5969983395407306,
      "nan_count": 0,
      "peak_rotation_velocity": 7.764011136232772,
      "pitch_angle_proxy": 0.26424192516561845,
      "radial_concentration": 0.22722704248543424,
      "spiral_order_parameter": 0.6181652137358088,
      "star_system_count": 56.0,
      "target_mode_amplitude": 0.5665495901627262,
      "target_mode_ratio": 0.2364526835457089,
      "total_mass": 316.22031340237476
    },
    {
      "angular_momentum_drift": -0.26680960577432816,
      "angular_momentum_final": 941.4951941904104,
      "angular_momentum_initial": 1284.107377299632,
      "arm_asymmetry_index": 0.6712362833575393,
      "arm_mode": "3",
      "central_mass_count": 1.0,
      "cluster_count": 12.0,
      "density_arm_contrast": 4.3367381435357695,
      "dominant_mode": 4.0,
      "dominant_mode_amplitude": 0.6527514988181188,
      "elastic_tension_max": 1.0,
      "elastic_tension_mean": 0.17124107242448972,
      "energy_proxy": 2492.884794541679,
      "final_mean_radius": 0.5119580866090301,
      "gas_cloud_count": 36.0,
      "initial_mean_radius": 0.7623179183325779,
      "mode_1_amplitude": 0.6415067450774482,
      "mode_2_amplitude": 0.5772813716788711,
      "mode_3_amplitude": 0.5707574210318316,
      "mode_4_amplitude": 0.6527514988181188,
      "nan_count": 0,
      "peak_rotation_velocity": 6.744158577221192,
      "pitch_angle_proxy": 1.3453062906543272,
      "radial_concentration": 0.2503598317235478,
      "spiral_order_parameter": 0.6527514988181188,
      "star_system_count": 56.0,
      "target_mode_amplitude": 0.5707574210318316,
      "target_mode_ratio": 0.23369697153000782,
      "total_mass": 316.22031340237476
    },
    {
      "angular_momentum_drift": -0.267242312075807,
      "angular_momentum_final": 940.8071198165696,
      "angular_momentum_initial": 1283.9266449482827,
      "arm_asymmetry_index": 0.6103495858165109,
      "arm_mode": "4",
      "central_mass_count": 1.0,
      "cluster_count": 12.0,
      "density_arm_contrast": 4.341397411012407,
      "dominant_mode": 2.0,
      "dominant_mode_amplitude": 0.7080751637924906,
      "elastic_tension_max": 1.0,
      "elastic_tension_mean": 0.15187428127531533,
      "energy_proxy": 2391.032599028764,
      "final_mean_radius": 0.5361638006698933,
      "gas_cloud_count": 36.0,
      "initial_mean_radius": 0.7623179180207009,
      "mode_1_amplitude": 0.6100094808748341,
      "mode_2_amplitude": 0.7080751637924906,
      "mode_3_amplitude": 0.6147109251175106,
      "mode_4_amplitude": 0.5935790790096047,
      "nan_count": 0,
      "peak_rotation_velocity": 7.03792556105133,
      "pitch_angle_proxy": 2.385343183464315,
      "radial_concentration": 0.2261541173508076,
      "spiral_order_parameter": 0.7080751637924906,
      "star_system_count": 56.0,
      "target_mode_amplitude": 0.5935790790096047,
      "target_mode_ratio": 0.2349529113952357,
      "total_mass": 316.22031340237476
    },
    {
      "angular_momentum_drift": -0.2675730994917756,
      "angular_momentum_final": 955.2334430462238,
      "angular_momentum_initial": 1304.2031121240852,
      "arm_asymmetry_index": 0.6343320142056408,
      "arm_mode": "mixed",
      "central_mass_count": 1.0,
      "cluster_count": 12.0,
      "density_arm_contrast": 2.9074330440028655,
      "dominant_mode": 3.0,
      "dominant_mode_amplitude": 0.6634759124394953,
      "elastic_tension_max": 1.0,
      "elastic_tension_mean": 0.1688697397399892,
      "energy_proxy": 2321.072893169583,
      "final_mean_radius": 0.5693735718928775,
      "gas_cloud_count": 36.0,
      "initial_mean_radius": 0.7732086832193079,
      "mode_1_amplitude": 0.6296504941563427,
      "mode_2_amplitude": 0.5171685387762271,
      "mode_3_amplitude": 0.6634759124394953,
      "mode_4_amplitude": 0.6615956843268556,
      "nan_count": 0,
      "peak_rotation_velocity": 6.91213468379597,
      "pitch_angle_proxy": 0.6931437120577763,
      "radial_concentration": 0.2038351113264304,
      "spiral_order_parameter": 0.6634759124394953,
      "star_system_count": 56.0,
      "target_mode_amplitude": 0.6634759124394953,
      "target_mode_ratio": 0.2684082800702388,
      "total_mass": 317.5366208142031
    }
  ],
  "claim_boundary": "finite illustrative simulation; repository-linked computational artifact; not a formal proof substitute",
  "claim_boundary_detail": "Finite spiral-mode comparison for a TNE locality-driven galaxy proxy. This is a controlled arm-mode initialization study, not a full astrophysical simulation, not an empirical validation claim, and not a formal proof substitute.",
  "comparison_type": "finite spiral-mode comparison"
}