RMSE,MAE,normalized_RMSE,R2,chi_square,AIC,BIC,residual_mean,residual_std,passed_validation,data_status,baseline_model,model,empirical_dataset
0.4208616701023922,0.34641789391695615,0.2132793252815966,0.00032519527649821356,26.131942952782893,-110.50863960320494,-108.33425233330931,-0.004116297549555739,0.4208415396035168,True,fetched,none,black_hole_dynamics,ligo_waveforms
