RMSE,MAE,normalized_RMSE,R2,chi_square,AIC,BIC,residual_mean,residual_std,baseline_RMSE,baseline_MAE,baseline_AIC,baseline_BIC,passed_validation,data_status,baseline_model,spiral_order_parameter,velocity_smoothness_proxy,model,empirical_dataset
0.18905680247665024,0.15340413590157176,0.23059843172011724,0.04252518156609897,48276.382991717874,-239.19333396324862,-234.61241508095185,0.00047896055294103325,0.18905619577121474,0.11770833143319084,0.0873806175991388,-308.37364035621016,-303.7927214739134,True,fetched,linear_rotation_baseline,0.04917740461869573,0.9825288371558604,locality_driven_gravity,galaxy_rotation
