RMSE,MAE,normalized_RMSE,R2,chi_square,weighted_RMSE,AIC,BIC,residual_mean,residual_std,baseline_RMSE,baseline_MAE,baseline_R2,baseline_chi_square,baseline_weighted_RMSE,baseline_AIC,baseline_BIC,passed_validation,data_status,baseline_model,flat_baseline_RMSE,linear_baseline_RMSE,smoothed_reference_RMSE,mean_RMSE,median_RMSE,spiral_order_parameter,mode_2_amplitude,mode_3_amplitude,mode_1_amplitude,mode_4_amplitude,dominant_mode,dominant_mode_amplitude,target_mode_amplitude,target_mode_ratio,pitch_angle_proxy,radial_concentration,density_arm_contrast,angular_momentum_drift,elastic_tension_max,tension_mean,tension_gradient_mean,mass_conservation_error,morphology_stability_score,field_feedback_strength,initialization_vs_evolution_score,arm_asymmetry_index,galaxy_count,arm_mode,TNE_vs_baseline_note,holdout_galaxy_count,model,empirical_dataset
0.13259613742295692,0.09756297665399527,0.15699542666198785,0.5594047329670517,4882.953546977945,8.235217013751523,-274.94441569201484,-256.7310867398864,-0.004295384063472342,0.13252654577568582,0.13867878342355602,0.09843089286227866,0.5180542802371275,15951.741531867629,14.884621786272694,-280.4856700276739,-275.9323377896418,True,fetched,multi_galaxy_baseline_family,0.18644023766915546,0.13867878342355602,0.067964498063106,0.13259613742295692,0.0717481645130375,0.7054710231353987,0.6709163233322141,0.6439012235830558,0.6058014229099554,0.7054710231353987,4.0,0.7054710231353987,0.7054710231353987,0.26863931739817876,2.5798461952416303,0.6732499633885028,4.3550511707267425,-0.7773539562318329,0.9999999999998859,0.19049806700152763,0.13048078995322077,0.0,14.923648510447634,0.0023066754404545997,0.17650527089875329,0.5632797752005433,3.0,4,Best preliminary residual fit under the implemented proxy mapping.,3.0,locality_driven_gravity,galaxy_rotation
