RMSE,MAE,normalized_RMSE,R2,chi_square,weighted_RMSE,AIC,BIC,residual_mean,residual_std,baseline_RMSE,baseline_MAE,baseline_R2,baseline_chi_square,baseline_weighted_RMSE,baseline_AIC,baseline_BIC,passed_validation,data_status,baseline_model,flat_baseline_RMSE,linear_baseline_RMSE,spiral_order_parameter,pitch_angle_proxy,radial_concentration,TNE_vs_baseline_note,model,empirical_dataset
0.11274996191604787,0.07770124675070662,0.1375246172247875,0.659454181678438,14691.425520798175,14.186345702628833,-308.6570652023527,-297.20476799661077,0.004942644940233189,0.11264157391063494,0.11770833143319084,0.0873806175991388,0.6288434313965409,23994.104718384686,18.12970948485578,-308.37364035621016,-303.7927214739134,True,fetched,linear_rotation_baseline,0.19320956732920677,0.11770833143319084,0.004408627115585716,2.3769299451708354,1.3015769657196756,Improved preliminary residual fit under the implemented proxy mapping.,locality_driven_gravity,galaxy_rotation
