{
  "arm_mode_rows": [
    {
      "R2": 0.48518561677054173,
      "RMSE": 0.14332973414254763,
      "TNE_vs_baseline_note": "Simple baseline family remains better or comparable under the implemented multi-galaxy proxy mapping.",
      "arm_mode": "2",
      "density_arm_contrast": 3.287563533025711,
      "dominant_mode": 3.0,
      "initialization_vs_evolution_score": -0.013632339452718426,
      "source_status": "fetched",
      "spiral_order_parameter": 0.6349638204004935,
      "target_mode_ratio": 0.24668782713786208
    },
    {
      "R2": 0.4085353243190619,
      "RMSE": 0.15362976470138273,
      "TNE_vs_baseline_note": "Simple baseline family remains better or comparable under the implemented multi-galaxy proxy mapping.",
      "arm_mode": "3",
      "density_arm_contrast": 2.484906920793406,
      "dominant_mode": 3.0,
      "initialization_vs_evolution_score": 0.11332637665270019,
      "source_status": "fetched",
      "spiral_order_parameter": 0.6359687821613619,
      "target_mode_ratio": 0.26252526993994274
    },
    {
      "R2": 0.5594047329670517,
      "RMSE": 0.13259613742295692,
      "TNE_vs_baseline_note": "Best preliminary residual fit under the implemented proxy mapping.",
      "arm_mode": "4",
      "density_arm_contrast": 4.3550511707267425,
      "dominant_mode": 4.0,
      "initialization_vs_evolution_score": 0.17650527089875329,
      "source_status": "fetched",
      "spiral_order_parameter": 0.7054710231353987,
      "target_mode_ratio": 0.26863931739817876
    },
    {
      "R2": 0.3644419912597755,
      "RMSE": 0.15925334280329495,
      "TNE_vs_baseline_note": "Simple baseline family remains better or comparable under the implemented multi-galaxy proxy mapping.",
      "arm_mode": "mixed",
      "density_arm_contrast": 3.2002792342743023,
      "dominant_mode": 1.0,
      "initialization_vs_evolution_score": -0.06285507446068832,
      "source_status": "fetched",
      "spiral_order_parameter": 0.60741329804757,
      "target_mode_ratio": 0.25186904071086086
    }
  ],
  "best_preliminary_fit": {
    "R2": 0.5594047329670517,
    "RMSE": 0.13259613742295692,
    "TNE_vs_baseline_note": "Best preliminary residual fit under the implemented proxy mapping.",
    "arm_mode": "4",
    "density_arm_contrast": 4.3550511707267425,
    "dominant_mode": 4.0,
    "initialization_vs_evolution_score": 0.17650527089875329,
    "source_status": "fetched",
    "spiral_order_parameter": 0.7054710231353987,
    "target_mode_ratio": 0.26863931739817876
  },
  "claim_boundary": "fixture-backed comparison; empirical comparison pipeline; not an empirical validation claim; not a formal proof substitute",
  "comparison": "spiral_rotation_arm_mode",
  "data_status": "fetched",
  "input_dataset_path": "empirical/outputs/data/galaxy_rotation_public.csv",
  "limitations": "Preliminary proxy fitting only; no morphology validation claim and no dark-matter replacement claim.",
  "output_paths": {
    "data": "empirical/outputs/data/spiral_rotation_arm_mode_comparison.csv",
    "figure": "empirical/outputs/figures/spiral_rotation_arm_mode_comparison.png",
    "manifest": "empirical/outputs/manifests/spiral_rotation_arm_mode_manifest.json",
    "metrics": "empirical/outputs/metrics/spiral_rotation_arm_mode_metrics.csv",
    "report": "empirical/outputs/reports/spiral_rotation_arm_mode_report.md"
  },
  "parameter_sweep_level": "quick",
  "per_galaxy_metrics": {
    "NGC2403": {
      "MAE": 0.07462216043459612,
      "R2": 0.7090705678339981,
      "RMSE": 0.11265591887424628,
      "TNE_winner_flag": 1.0,
      "baseline_winner": "linear_rotation_baseline",
      "best_arm_mode": "4"
    },
    "NGC3198": {
      "MAE": 0.13072689544673244,
      "R2": 0.5185886592100101,
      "RMSE": 0.16368741513450547,
      "TNE_winner_flag": 1.0,
      "baseline_winner": "linear_rotation_baseline",
      "best_arm_mode": "4"
    },
    "NGC6503": {
      "MAE": 0.08733987408065728,
      "R2": -1.6519983469200104,
      "RMSE": 0.11515329368996073,
      "TNE_winner_flag": 0.0,
      "baseline_winner": "linear_rotation_baseline",
      "best_arm_mode": "4"
    }
  }
}