sample,target,prediction,absolute_error,metric_producer
0,0.47058823704719543|0.11764705926179886|0.5475273728370667,0.45371198654174805|0.2851595878601074|0.5262960195541382,0.0685400441288948,SOInet
1,0.23529411852359772|0.529411792755127|0.15742704272270203,0.3078594207763672|0.6500958800315857|0.425545334815979,0.153789222240448,SOInet
2,0.8235294222831726|0.4117647111415863|0.7663791179656982,0.5868964195251465|0.2886925935745239|0.5013633370399475,0.2082403153181076,SOInet
3,0.29411765933036804|0.6470588445663452|0.2971298098564148,0.2757601737976074|0.6345422267913818|0.43485239148139954,0.05619889497756958,SOInet
4,1.0|1.0|0.5000000596046448,0.7677870988845825|0.8520923852920532|0.27942097187042236,0.20023320615291595,SOInet
5,0.8235294222831726|0.23529411852359772|0.4710916578769684,0.5192679166793823|0.2956441640853882|0.5146676898002625,0.13606253266334534,SOInet
6,0.7058823108673096|0.529411792755127|0.8309070467948914,0.5884983539581299|0.32873380184173584|0.4801649749279022,0.22293467819690704,SOInet
7,0.4117647111415863|0.47058823704719543|0.3188859820365906,0.658981442451477|0.6343261003494263|0.37316787242889404,0.15507882833480835,SOInet
