{
  "arm_modes": [
    {
      "angular_momentum_drift": -0.6189457084346511,
      "angular_momentum_final": 1204.4272332949567,
      "angular_momentum_initial": 3160.7759312911558,
      "arm_asymmetry_index": 0.4419088328647059,
      "arm_mode": "2",
      "central_mass_count": 1.0,
      "cluster_count": 24.0,
      "density_arm_contrast": 2.5679907830735096,
      "dominant_mode": 1.0,
      "dominant_mode_amplitude": 0.5102530267050522,
      "elastic_tension_max": 1.0,
      "elastic_tension_mean": 0.11201291800223626,
      "energy_proxy": 8699.79388652395,
      "field_feedback_strength": 0.0,
      "final_mean_radius": 0.3772409654631579,
      "gas_cloud_count": 67.0,
      "initial_dominant_mode_amplitude": 0.5410699121488576,
      "initial_mean_radius": 1.1836065668215947,
      "initial_target_mode_amplitude": 0.5410699121488576,
      "initialization_vs_evolution_score": -0.4000016345407843,
      "mass_conservation_error": 0.0,
      "mode_1_amplitude": 0.5102530267050522,
      "mode_2_amplitude": 0.324641062888076,
      "mode_3_amplitude": 0.4418126550658824,
      "mode_4_amplitude": 0.4650254034528122,
      "morphology_stability_score": 11.494513055287634,
      "nan_count": 0,
      "peak_rotation_velocity": 7.263712887605746,
      "pitch_angle_proxy": 2.7077416153270644,
      "radial_concentration": 0.8063656013584368,
      "spiral_order_parameter": 0.5102530267050522,
      "star_system_count": 139.0,
      "target_mode_amplitude": 0.324641062888076,
      "target_mode_ratio": 0.18638977482262498,
      "tension_gradient_mean": 0.04824000945076412,
      "tension_max": 1.0,
      "tension_mean": 0.11201291800223626,
      "total_mass": 486.42164761889796
    },
    {
      "angular_momentum_drift": -0.6188024730764832,
      "angular_momentum_final": 1204.6674734501034,
      "angular_momentum_initial": 3160.218491374965,
      "arm_asymmetry_index": 0.47912577806827256,
      "arm_mode": "3",
      "central_mass_count": 1.0,
      "cluster_count": 24.0,
      "density_arm_contrast": 2.0012557827541086,
      "dominant_mode": 2.0,
      "dominant_mode_amplitude": 0.5190185476177795,
      "elastic_tension_max": 1.0,
      "elastic_tension_mean": 0.11151741144831867,
      "energy_proxy": 8204.802360025396,
      "field_feedback_strength": 0.0,
      "final_mean_radius": 0.3684061528416392,
      "gas_cloud_count": 67.0,
      "initial_dominant_mode_amplitude": 0.4479965958278687,
      "initial_mean_radius": 1.1836065673498213,
      "initial_target_mode_amplitude": 0.4415106928686328,
      "initialization_vs_evolution_score": 0.040266383379144205,
      "mass_conservation_error": 0.0,
      "mode_1_amplitude": 0.4363544414922519,
      "mode_2_amplitude": 0.5190185476177795,
      "mode_3_amplitude": 0.45928873169371304,
      "mode_4_amplitude": 0.4829737778667469,
      "morphology_stability_score": 5.732436761196857,
      "nan_count": 0,
      "peak_rotation_velocity": 7.738940623787174,
      "pitch_angle_proxy": 3.0053379757496486,
      "radial_concentration": 0.8152004145081821,
      "spiral_order_parameter": 0.5190185476177795,
      "star_system_count": 139.0,
      "target_mode_amplitude": 0.45928873169371304,
      "target_mode_ratio": 0.2420321141838118,
      "tension_gradient_mean": 0.04420356568884344,
      "tension_max": 1.0,
      "tension_mean": 0.11151741144831867,
      "total_mass": 486.42164761889796
    },
    {
      "angular_momentum_drift": -0.6193243653011742,
      "angular_momentum_final": 1203.0182298629927,
      "angular_momentum_initial": 3160.2186223837766,
      "arm_asymmetry_index": 0.39097585360502723,
      "arm_mode": "4",
      "central_mass_count": 1.0,
      "cluster_count": 24.0,
      "density_arm_contrast": 2.0847159061395812,
      "dominant_mode": 2.0,
      "dominant_mode_amplitude": 0.5126005219824168,
      "elastic_tension_max": 1.0,
      "elastic_tension_mean": 0.10436966425329558,
      "energy_proxy": 8330.488932223976,
      "field_feedback_strength": 0.0,
      "final_mean_radius": 0.35765329256057016,
      "gas_cloud_count": 67.0,
      "initial_dominant_mode_amplitude": 0.49446561228547437,
      "initial_mean_radius": 1.1836065668215947,
      "initial_target_mode_amplitude": 0.49446561228547437,
      "initialization_vs_evolution_score": -0.04258826319218545,
      "mass_conservation_error": 0.0,
      "mode_1_amplitude": 0.45513097261590657,
      "mode_2_amplitude": 0.5126005219824168,
      "mode_3_amplitude": 0.47668637929424956,
      "mode_4_amplitude": 0.47340718064993287,
      "morphology_stability_score": 15.27827608475114,
      "nan_count": 0,
      "peak_rotation_velocity": 7.79720167311803,
      "pitch_angle_proxy": 0.11302529007563558,
      "radial_concentration": 0.8259532742610245,
      "spiral_order_parameter": 0.5126005219824168,
      "star_system_count": 139.0,
      "target_mode_amplitude": 0.47340718064993287,
      "target_mode_ratio": 0.24684586298859076,
      "tension_gradient_mean": 0.046835028730949725,
      "tension_max": 1.0,
      "tension_mean": 0.10436966425329558,
      "total_mass": 486.42164761889796
    },
    {
      "angular_momentum_drift": -0.6184355356826864,
      "angular_momentum_final": 1213.7009097394914,
      "angular_momentum_initial": 3180.854149798823,
      "arm_asymmetry_index": 0.41330471252459844,
      "arm_mode": "mixed",
      "central_mass_count": 1.0,
      "cluster_count": 24.0,
      "density_arm_contrast": 2.4589715531976126,
      "dominant_mode": 2.0,
      "dominant_mode_amplitude": 0.5491669345603446,
      "elastic_tension_max": 1.0,
      "elastic_tension_mean": 0.13345123802755968,
      "energy_proxy": 8695.254102015833,
      "field_feedback_strength": 0.0,
      "final_mean_radius": 0.3727388996554516,
      "gas_cloud_count": 67.0,
      "initial_dominant_mode_amplitude": 0.523954106175092,
      "initial_mean_radius": 1.1819865570945742,
      "initial_target_mode_amplitude": 0.523954106175092,
      "initialization_vs_evolution_score": 0.048120299255330255,
      "mass_conservation_error": 0.0,
      "mode_1_amplitude": 0.44659057900723387,
      "mode_2_amplitude": 0.5491669345603446,
      "mode_3_amplitude": 0.4699226982638892,
      "mode_4_amplitude": 0.45232360121145254,
      "morphology_stability_score": 5.855625736132171,
      "nan_count": 0,
      "peak_rotation_velocity": 7.83786895570147,
      "pitch_angle_proxy": 2.6958872796228452,
      "radial_concentration": 0.8092476574391226,
      "spiral_order_parameter": 0.5491669345603446,
      "star_system_count": 139.0,
      "target_mode_amplitude": 0.5491669345603446,
      "target_mode_ratio": 0.28632212867648205,
      "tension_gradient_mean": 0.055278097070477795,
      "tension_max": 1.0,
      "tension_mean": 0.13345123802755968,
      "total_mass": 489.16762681832165
    }
  ],
  "claim_boundary": "finite illustrative simulation; repository-linked computational artifact; not a formal proof substitute",
  "claim_boundary_detail": "Finite spiral-mode comparison for a TNE locality-driven galaxy proxy. This is a controlled arm-mode initialization study, not a full astrophysical simulation, not an empirical validation claim, and not a formal proof substitute.",
  "comparison_type": "finite spiral-mode comparison"
}