metric,value
rmse,6.016180265078219e-08
peak_error,2.384185791015625e-07
