metric,value
rmse,5.2972893627156736e-08
snr_db,134.12113526197703
