source,target,weight
0,1,0.42
0,2,0.09457518462743995
0,3,0.10401457354905998
1,2,0.4554127862844686
1,3,0.4708939432137145
2,3,0.7566061487956659
3,4,0.42
4,5,0.6678919889134496
4,6,0.3494585354276276
4,7,0.08204859902205767
4,8,0.2151496281678957
4,9,0.13163902138217917
5,6,0.42
5,8,0.28673677550695276
5,9,0.1371345360729505
6,7,0.42
6,8,0.3716562837744005
6,9,0.36752654446952304
6,10,0.08283354705109125
7,8,0.42
7,9,0.40618818003491736
7,10,0.336152476558947
7,11,0.10334624442341267
8,9,0.42
9,10,0.42
10,11,0.42
10,18,0.09063631001264083
10,20,0.09105955870584614
11,12,0.42
11,16,0.08604703100397969
11,17,0.10624007843827818
11,18,0.10209218418200526
11,20,0.11058892858237437
12,13,0.42
12,14,0.11035669161669166
12,15,0.15238081156976607
12,16,0.0991524820182087
12,17,0.080945815325946
12,18,0.10830567126847565
12,19,0.08625732135598517
13,14,0.5141321885162777
13,15,0.5728599889876071
13,16,0.29022224150735326
13,17,0.19750870537985474
13,18,0.12386398043251275
14,15,0.6189125753217427
14,16,0.27786264058214805
14,17,0.18424971269741874
14,18,0.08889400832409614
15,16,0.42
15,17,0.17778009083395271
15,18,0.1039627206483913
16,17,0.6592094940223713
16,18,0.26198335787988714
17,18,0.42
18,19,0.42
19,20,0.42
19,21,0.0841116475307629
20,21,0.42
21,22,0.42
22,23,0.42
