case_id,observable_x,observed_shift,observed_uncertainty,baseline_shift,tne_prediction,tne_residual,baseline_residual,source_status
pound_rebka_1960,0.00225,-5.688490694540272e-06,5.555166693886984e-07,-5.466284026784792e-06,-0.004489890170429445,-0.004484201679734905,2.222066677554796e-07,cached
gravity_probe_a_1976,1.0,-1.0,6.999510034297599e-05,-0.999930004899657,-0.8646647167633873,0.1353352832366127,6.999510034300105e-05,cached
