case_id,observable_x,observed_shift,observed_uncertainty,baseline_shift,tne_prediction,tne_residual,baseline_residual,source_status
case_01,0.2,-0.068,0.01,-0.05,-0.06823278882039707,-0.00023278882039706739,0.018000000000000002,fixture_only
case_02,0.5,-0.158,0.012,-0.12,-0.16195264644042628,-0.003952646440426283,0.038000000000000006,fixture_only
case_03,0.9,-0.278,0.014,-0.22,-0.2724155542816321,0.005584445718367914,0.058000000000000024,fixture_only
case_04,1.3,-0.369,0.016,-0.3,-0.36831836124440076,0.0006816387555992343,0.069,fixture_only
case_05,1.7,-0.449,0.018,-0.36,-0.45158023224782895,-0.0025802322478289397,0.08900000000000002,fixture_only
