source,mass_billion_solar,distance_mpc,angular_factor,ring_diameter_observed,ring_diameter_predicted_shared,ring_diameter_predicted_source_specific,shadow_radius_observed,shadow_radius_predicted_shared,shadow_radius_predicted_source_specific,ring_residual_shared,shadow_residual_shared,ring_residual_source_specific,shadow_residual_source_specific,ring_normalized_residual,shadow_normalized_residual,source_status
M87*,6.5,16.8,0.3869047619047389,42.0,41.332307738991126,34.48153711820466,21.0,20.673973340907512,26.855701732391893,-0.6676922610088738,-0.32602665909248785,-7.518462881795337,5.855701732391893,-0.22256408700288374,-0.21735110606151364,cached
SgrA*,0.004,0.0082,0.487804877989292,51.8,52.111277293089024,42.52722911245692,25.9,26.065497342207163,33.12203213662018,0.3112772930890273,0.16549734220716417,-9.272770887543075,7.222032136620179,0.13533795351690955,0.13791445183918855,cached
