x,observed_flux,flux_uncertainty,tne_prediction,baseline_prediction,tne_residual,baseline_residual,source_status
0.0,1.0,0.05,0.5834381580674702,1.0202500719246248,-0.41656184193252976,0.020250071924624802,fixture_only
0.2,0.82,0.05,0.5922052658473346,0.8041122084939449,-0.22779473415266538,-0.015887791506055016,fixture_only
0.4,0.64,0.05,0.6006430540636833,0.6337627035195933,-0.03935694593631667,-0.006237296480406718,fixture_only
0.6,0.5,0.05,0.6087045050560548,0.49950138815171136,0.10870450505605478,-0.0004986118482886437,fixture_only
0.8,0.39,0.05,0.6163427558055595,0.3936830542092212,0.22634275580555951,0.0036830542092211593,fixture_only
1.0,0.31,0.05,0.6235118868568561,0.3102821150207239,0.3135118868568561,0.00028211502072389427,fixture_only
