radius,observed_velocity,velocity_uncertainty,tne_prediction,baseline_prediction,tne_residual,baseline_residual,galaxy_id,source_status
0.5,0.72,0.04,0.9470920327505457,0.836190476190476,0.22709203275054568,0.11619047619047607,fixture_galaxy_a,fixture_only
1.0,0.94,0.04,0.9470920327505457,0.887047619047619,0.007092032750545707,-0.05295238095238097,fixture_galaxy_a,fixture_only
1.5,1.02,0.05,0.9470920327505457,0.9379047619047618,-0.07290796724945436,-0.08209523809523822,fixture_galaxy_a,fixture_only
2.0,1.05,0.05,0.9021190630024934,0.9887619047619047,-0.1478809369975066,-0.061238095238095314,fixture_galaxy_a,fixture_only
2.5,1.04,0.05,1.0141742277707695,1.0396190476190477,-0.025825772229230548,-0.0003809523809523707,fixture_galaxy_a,fixture_only
3.0,1.01,0.06,1.0167418657840457,1.0904761904761906,0.006741865784045675,0.08047619047619059,fixture_galaxy_a,fixture_only
