source,target,weight
0,1,0.20000000298023224
0,2,0.20000000298023224
0,3,0.20000000298023224
0,4,0.20000000298023224
0,5,0.20000000298023224
1,2,0.20000000298023224
1,3,0.20000000298023224
1,4,0.20000000298023224
1,5,0.20000000298023224
2,3,0.20000000298023224
2,4,0.20000000298023224
2,5,0.20000000298023224
3,4,0.20000000298023224
3,5,0.20000000298023224
4,5,0.20000000298023224
